-- MySQL dump 10.13  Distrib 8.0.23, for Win64 (x86_64)
--
-- Host: 192.168.1.50    Database: piezaProveedor
-- ------------------------------------------------------
-- Server version	8.0.23

/*!40101 SET @OLD_CHARACTER_SET_CLIENT=@@CHARACTER_SET_CLIENT */;
/*!40101 SET @OLD_CHARACTER_SET_RESULTS=@@CHARACTER_SET_RESULTS */;
/*!40101 SET @OLD_COLLATION_CONNECTION=@@COLLATION_CONNECTION */;
/*!50503 SET NAMES utf8 */;
/*!40103 SET @OLD_TIME_ZONE=@@TIME_ZONE */;
/*!40103 SET TIME_ZONE='+00:00' */;
/*!40014 SET @OLD_UNIQUE_CHECKS=@@UNIQUE_CHECKS, UNIQUE_CHECKS=0 */;
/*!40014 SET @OLD_FOREIGN_KEY_CHECKS=@@FOREIGN_KEY_CHECKS, FOREIGN_KEY_CHECKS=0 */;
/*!40101 SET @OLD_SQL_MODE=@@SQL_MODE, SQL_MODE='NO_AUTO_VALUE_ON_ZERO' */;
/*!40111 SET @OLD_SQL_NOTES=@@SQL_NOTES, SQL_NOTES=0 */;

--
-- Table structure for table `pieza`
--

DROP TABLE IF EXISTS `pieza`;
/*!40101 SET @saved_cs_client     = @@character_set_client */;
/*!50503 SET character_set_client = utf8mb4 */;
CREATE TABLE `pieza` (
  `codigo` int NOT NULL AUTO_INCREMENT,
  `nombre` varchar(100) DEFAULT NULL,
  PRIMARY KEY (`codigo`)
) ENGINE=InnoDB AUTO_INCREMENT=7 DEFAULT CHARSET=utf8mb4 COLLATE=utf8mb4_0900_ai_ci;
/*!40101 SET character_set_client = @saved_cs_client */;

--
-- Dumping data for table `pieza`
--

LOCK TABLES `pieza` WRITE;
/*!40000 ALTER TABLE `pieza` DISABLE KEYS */;
INSERT INTO `pieza` VALUES (1,'Tuerca'),(2,'Tornillo'),(3,'Punta'),(4,'Arandela'),(5,'Valvula'),(6,'Escuadra');
/*!40000 ALTER TABLE `pieza` ENABLE KEYS */;
UNLOCK TABLES;

--
-- Table structure for table `proveedor`
--

DROP TABLE IF EXISTS `proveedor`;
/*!40101 SET @saved_cs_client     = @@character_set_client */;
/*!50503 SET character_set_client = utf8mb4 */;
CREATE TABLE `proveedor` (
  `id` char(4) NOT NULL,
  `nombre` varchar(100) DEFAULT NULL,
  PRIMARY KEY (`id`)
) ENGINE=InnoDB DEFAULT CHARSET=utf8mb4 COLLATE=utf8mb4_0900_ai_ci;
/*!40101 SET character_set_client = @saved_cs_client */;

--
-- Dumping data for table `proveedor`
--

LOCK TABLES `proveedor` WRITE;
/*!40000 ALTER TABLE `proveedor` DISABLE KEYS */;
INSERT INTO `proveedor` VALUES ('4Tue','LasTuercas'),('6Ho9','Valvula caliente'),('DBM4','Acero Puro'),('GaDa','Gandalf El Blanco'),('PePe','FerreteríaPepe'),('S.Hw','SuperFerreteria');
/*!40000 ALTER TABLE `proveedor` ENABLE KEYS */;
UNLOCK TABLES;

--
-- Table structure for table `suministra`
--

DROP TABLE IF EXISTS `suministra`;
/*!40101 SET @saved_cs_client     = @@character_set_client */;
/*!50503 SET character_set_client = utf8mb4 */;
CREATE TABLE `suministra` (
  `id` int NOT NULL AUTO_INCREMENT,
  `precio` int DEFAULT NULL,
  `pieza_id` int NOT NULL,
  `proveedor_id` char(4) NOT NULL,
  PRIMARY KEY (`id`,`pieza_id`,`proveedor_id`),
  KEY `pieza_id` (`pieza_id`),
  KEY `proveedor_id` (`proveedor_id`),
  CONSTRAINT `pieza_id` FOREIGN KEY (`pieza_id`) REFERENCES `pieza` (`codigo`) ON DELETE CASCADE ON UPDATE CASCADE,
  CONSTRAINT `proveedor_id` FOREIGN KEY (`proveedor_id`) REFERENCES `proveedor` (`id`) ON DELETE CASCADE ON UPDATE CASCADE
) ENGINE=InnoDB AUTO_INCREMENT=7 DEFAULT CHARSET=utf8mb4 COLLATE=utf8mb4_0900_ai_ci;
/*!40101 SET character_set_client = @saved_cs_client */;

--
-- Dumping data for table `suministra`
--

LOCK TABLES `suministra` WRITE;
/*!40000 ALTER TABLE `suministra` DISABLE KEYS */;
INSERT INTO `suministra` VALUES (1,20,1,'PePe'),(2,20,2,'GaDa'),(3,20,2,'S.Hw'),(4,20,4,'S.Hw'),(5,20,5,'6Ho9'),(6,50,6,'DBM4');
/*!40000 ALTER TABLE `suministra` ENABLE KEYS */;
UNLOCK TABLES;
/*!40103 SET TIME_ZONE=@OLD_TIME_ZONE */;

/*!40101 SET SQL_MODE=@OLD_SQL_MODE */;
/*!40014 SET FOREIGN_KEY_CHECKS=@OLD_FOREIGN_KEY_CHECKS */;
/*!40014 SET UNIQUE_CHECKS=@OLD_UNIQUE_CHECKS */;
/*!40101 SET CHARACTER_SET_CLIENT=@OLD_CHARACTER_SET_CLIENT */;
/*!40101 SET CHARACTER_SET_RESULTS=@OLD_CHARACTER_SET_RESULTS */;
/*!40101 SET COLLATION_CONNECTION=@OLD_COLLATION_CONNECTION */;
/*!40111 SET SQL_NOTES=@OLD_SQL_NOTES */;

-- Dump completed on 2021-03-14 12:04:37
